{
    "timestamp": "20251106_071959",
    "baseline_design": [
        20.0,
        0.04,
        0.002,
        0.005,
        3.0
    ],
    "optimized_design": [
        25.63417020954233,
        0.010999858489165164,
        0.001000659799099305,
        0.002567824317380707,
        9.97692513424557
    ],
    "baseline_metrics": {
        "N": 20,
        "H": 0.04,
        "t": 0.002,
        "s": 0.005,
        "v": 3.0,
        "material": "aluminium",
        "T_base": 79.63197075025069,
        "T_inf": 25.0,
        "delta_T": 54.63197075025069,
        "Q_cpu": 100.0,
        "thermal_resistance": 0.5463197075025069,
        "convection_coeff": 23.55154221505397,
        "reynolds_number": 1806.3032773389234,
        "flow_regime": "laminar",
        "pressure_drop": 1.0376095908632794,
        "fan_power": 0.024643227783002892,
        "total_mass": 0.23625,
        "material_cost": 0.590625,
        "specific_cooling": 423.2804232804233,
        "cost_per_watt": 0.005906249999999999,
        "total_system_power": 100.024643227783,
        "cooling_efficiency": 4057.9099816207004,
        "pec": 74.27720299843072,
        "converged": true,
        "iterations": 7
    },
    "optimized_metrics": {
        "N": 26,
        "H": 0.010999858489165164,
        "t": 0.001000659799099305,
        "s": 0.002567824317380707,
        "v": 9.97692513424557,
        "material": "aluminium",
        "T_base": 69.88765833265879,
        "T_inf": 25.0,
        "delta_T": 44.88765833265879,
        "Q_cpu": 100.0,
        "thermal_resistance": 0.44887658332658786,
        "convection_coeff": 73.71570169519039,
        "reynolds_number": 3117.789177868954,
        "flow_regime": "turbulent",
        "pressure_drop": 1.2409434423790071,
        "fan_power": 0.06623274759910402,
        "total_mass": 0.058884977812469694,
        "material_cost": 0.14721244453117424,
        "specific_cooling": 1698.2259943863585,
        "cost_per_watt": 0.0014721244453117423,
        "total_system_power": 100.0662327475991,
        "cooling_efficiency": 1509.8271417831497,
        "pec": 33.635685127389436,
        "converged": true,
        "iterations": 8
    },
    "optimization_result": {
        "x_opt": [
            25.63417020954233,
            0.010999858489165164,
            0.001000659799099305,
            0.002567824317380707,
            9.97692513424557
        ],
        "J_opt": 0.026374951738282644,
        "success": true,
        "message": "Optimization terminated successfully.",
        "nfev": 9882,
        "nit": 125,
        "elapsed_time": 3.9703962802886963,
        "convergence_history": [
            0.08020746376613369,
            0.08020746376613369,
            0.07778963245505854,
            0.054955794589346324,
            0.054955794589346324,
            0.054955794589346324,
            0.054955794589346324,
            0.054955794589346324,
            0.054955794589346324,
            0.054955794589346324,
            0.053854619981252246,
            0.04249644828544571,
            0.036116118044677605,
            0.036116118044677605,
            0.036116118044677605,
            0.034950245934647794,
            0.034950245934647794,
            0.034950245934647794,
            0.034950245934647794,
            0.034950245934647794,
            0.033367370953214986,
            0.033367370953214986,
            0.033367370953214986,
            0.033367370953214986,
            0.033196445174571376,
            0.03094137805917015,
            0.03094137805917015,
            0.03094137805917015,
            0.03094137805917015,
            0.03094137805917015,
            0.030696588565370705,
            0.030696588565370705,
            0.030696588565370705,
            0.030301291110836855,
            0.030301291110836855,
            0.028884791531745144,
            0.028503742431202846,
            0.028503742431202846,
            0.028503742431202846,
            0.028503742431202846,
            0.028503742431202846,
            0.028503742431202846,
            0.028398155633071045,
            0.028398155633071045,
            0.028398155633071045,
            0.02791029751297004,
            0.02791029751297004,
            0.02791029751297004,
            0.02779125656184568,
            0.02779125656184568,
            0.02767510064924348,
            0.027153330860330446,
            0.027153330860330446,
            0.027153330860330446,
            0.027153330860330446,
            0.027153330860330446,
            0.027153330860330446,
            0.027153330860330446,
            0.026845306002207688,
            0.026845306002207688,
            0.026845306002207688,
            0.026845306002207688,
            0.026845306002207688,
            0.026845306002207688,
            0.026845306002207688,
            0.026845306002207688,
            0.026845306002207688,
            0.026845306002207688,
            0.02674453950575661,
            0.02674453950575661,
            0.02674453950575661,
            0.02674453950575661,
            0.02674453950575661,
            0.02674453950575661,
            0.02674453950575661,
            0.026666317331720465,
            0.026666317331720465,
            0.026666317331720465,
            0.026666317331720465,
            0.026666317331720465,
            0.026666317331720465,
            0.026666317331720465,
            0.026666317331720465,
            0.026666317331720465,
            0.02662888578634543,
            0.026557205030825523,
            0.026557205030825523,
            0.026557205030825523,
            0.026557205030825523,
            0.026557205030825523,
            0.026557205030825523,
            0.026535135916915305,
            0.026535135916915305,
            0.026524725153192343,
            0.026524725153192343,
            0.026524725153192343,
            0.026524725153192343,
            0.026524725153192343,
            0.026524725153192343,
            0.026524725153192343,
            0.026524725153192343,
            0.026478146405048884,
            0.026478146405048884,
            0.026478146405048884,
            0.02646533191626222,
            0.02646533191626222,
            0.02646533191626222,
            0.026430518422850664,
            0.026430518422850664,
            0.026430518422850664,
            0.026430518422850664,
            0.026430518422850664,
            0.026430518422850664,
            0.026430518422850664,
            0.026430518422850664,
            0.026430518422850664,
            0.026430518422850664,
            0.026430518422850664,
            0.026430518422850664,
            0.026430518422850664,
            0.026430518422850664,
            0.026420543259481115,
            0.026379556462376563,
            0.026379556462376563,
            0.026379556462376563
        ]
    },
    "comparison": {
        "Optimized Design (This Work)": {
            "N": 26,
            "H": 0.010999858489165164,
            "t": 0.001000659799099305,
            "s": 0.002567824317380707,
            "v": 9.97692513424557,
            "material": "aluminium",
            "T_base": 69.88765833265879,
            "T_inf": 25.0,
            "delta_T": 44.88765833265879,
            "Q_cpu": 100.0,
            "thermal_resistance": 0.44887658332658786,
            "convection_coeff": 73.71570169519039,
            "reynolds_number": 3117.789177868954,
            "flow_regime": "turbulent",
            "pressure_drop": 1.2409434423790071,
            "fan_power": 0.06623274759910402,
            "total_mass": 0.058884977812469694,
            "material_cost": 0.14721244453117424,
            "specific_cooling": 1698.2259943863585,
            "cost_per_watt": 0.0014721244453117423,
            "total_system_power": 100.0662327475991,
            "cooling_efficiency": 1509.8271417831497,
            "pec": 33.635685127389436,
            "converged": true,